[{"latlng":[32.30526108658,69.454193081136],"location":"Azam Warzak near Wana in South Waziristan","date":"December 22, 2008","killedRange":[2,3]},{"latlng":[32.30527075691,69.436855282066],"location":"Azam Warzak near Wana in South Waziristan","date":"December 22, 2008","killedRange":[2,3]},{"latlng":[34.809856,71.531296],"location":"Damadola in Bajaur","date":"May 14, 2008","killedRange":[12,18]},{"latlng":[32.622604,69.829102],"location":"Makeen in South Waziristan","date":"June 14, 2008","killedRange":[1,1]},{"latlng":[32.288296,69.439774],"location":"Zeralita in the Azam Warsak region in South Waziristan","date":"July 28, 2008","killedRange":[6,15]},{"latlng":[32.311508,69.320984],"location":"Bhagar, 22 miles west of Wana in South Waziristan","date":"August 12, 2008","killedRange":[9,12]},{"latlng":[32.301064,69.598389],"location":"Wana in South Waziristan","date":"August 20, 2008","killedRange":[5,10]},{"latlng":[32.3028,69.5805],"location":"Ganghikhel area in South Waziristan","date":"August 27, 2008","killedRange":[0,0]},{"latlng":[32.326595,69.521484],"location":"Korzai region near Wana in South Waziristan","date":"August 30, 2008","killedRange":[5,6]},{"latlng":[33.01442,70.061188],"location":"Tappi, Miram Shah in North Waziristan","date":"August 31, 2008","killedRange":[6,8]},{"latlng":[33.016724,69.848328],"location":"Char Khel in North Waziristan","date":"September 4, 2008","killedRange":[4,7]},{"latlng":[33.046658,69.539337],"location":"Gurwak in North Waziristan","date":"September 5, 2008","killedRange":[5,12]},{"latlng":[33.01442,70.085907],"location":"Danda Darpa Khel, outside Miram Shah in North Waziristan","date":"September 8, 2008","killedRange":[17,25]},{"latlng":[32.316151,69.462433],"location":"Dhook Pir Bagh, near Wana in South Waziristan","date":"March 16, 2008","killedRange":[7,20]},{"latlng":[32.308025,69.409561],"location":"Azam Warzak in South Waziristan","date":"February 28, 2008","killedRange":[8,13]},{"latlng":[32.99398,70.237999],"location":"Near Mir Ali in North Waziristan","date":"January 29, 2008","killedRange":[12,13]},{"latlng":[32.307446,69.56543],"location":"Wana in South Waziristan","date":"June 19, 2004","killedRange":[4,9]},{"latlng":[32.987644,70.261345],"location":"Toorikhel, Mirali in North Waziristan","date":"May 8, 2005","killedRange":[2,2]},{"latlng":[33.010391,70.043335],"location":"Haisori in North Waziristan","date":"November 5, 2005","killedRange":[8,8]},{"latlng":[32.09686,70.2657],"location":"Patasi Adda in North Waziristan","date":"December 1, 2005","killedRange":[4,5]},{"latlng":[34.801682,71.472588],"location":"Damadola in Bajaur","date":"January 6, 2006","killedRange":[8,18]},{"latlng":[34.841988,71.49765],"location":"Chenagai, six miles north of Khar in Bajaur","date":"October 30, 2006","killedRange":[80,82]},{"latlng":[32.844982,69.56543],"location":"Salamat Keley, Zamazola in South Waziristan","date":"January 16, 2007","killedRange":[20,30]},{"latlng":[33.109947,70.068054],"location":"Danda Saidgai, 15 km north of Miram Shah in North Waziristan","date":"April 27, 2007","killedRange":[3,4]},{"latlng":[32.991386,70.291901],"location":"Mami Rogha, 26 miles west of Miram Shah in North Waziristan","date":"June 19, 2007","killedRange":[20,34]},{"latlng":[32.992538,70.098953],"location":"Outside Miram Shah in North Waziristan","date":"November 2, 2007","killedRange":[5,9]},{"latlng":[32.31673,69.384155],"location":"Azam Warzak in South Waziristan","date":"December 11, 2008","killedRange":[6,7]},{"latlng":[33.004059,70.074921],"location":"Tol Khel on the outskirts of Miram Shah in North Waziristan","date":"September 12, 2008","killedRange":[12,12]},{"latlng":[32.500496,69.283905],"location":"Baghar Cheena region, 55km west of Wana in South Waziristan","date":"September 17, 2008","killedRange":[5,7]},{"latlng":[32.981308,70.067368],"location":"Ali Khel region just outside of Miram Shah in North Waziristan","date":"November 22, 2008","killedRange":[4,5]},{"latlng":[32.98822,70.046425],"location":"Chashma, a village on the outskirts of Miram Shah in North Waziristan","date":"November 29, 2008","killedRange":[2,3]},{"latlng":[32.9315,70.3052],"location":"Katira in Khushal Torikhel area, Mir Ali in North Waziristan","date":"December 5, 2008","killedRange":[3,4]},{"latlng":[32.983322,70.08728],"location":"Tapi Tool region near Miram Shah in North Waziristan","date":"December 15, 2008","killedRange":[2,3]},{"latlng":[32.296421,69.498825],"location":"Ghwakhwa, Wana in South Waziristan","date":"December 22, 2008","killedRange":[3,5]},{"latlng":[32.319633,69.501572],"location":"Karikot, near Wana in South Waziristan","date":"January 1, 2009","killedRange":[2,5]},{"latlng":[32.539288,69.875793],"location":"Ladha in South Waziristan","date":"January 2, 2009","killedRange":[3,4]},{"latlng":[32.799973,70.489655],"location":"Jani Khel in Khyber Pakhtunkhwa","date":"November 19, 2008","killedRange":[4,6]},{"latlng":[32.707577,69.873047],"location":"Garyom in North Waziristan","date":"November 14, 2008","killedRange":[11,13]},{"latlng":[32.751476,70.072174],"location":"Kumsham, 22 miles south of Miram Shah in North Waziristan","date":"November 7, 2008","killedRange":[13,14]},{"latlng":[32.97699,70.303574],"location":"Khusali Toorikhel, near Mir Ali in North Waziristan","date":"October 1, 2008","killedRange":[4,5]},{"latlng":[32.998299,69.723358],"location":"Mohammad Khel, near Datta Khel in North Waziristan","date":"October 3, 2008","killedRange":[8,21]},{"latlng":[33.001755,69.704132],"location":"Datta Khel in North Waziristan","date":"October 3, 2008","killedRange":[3,3]},{"latlng":[32.994843,70.167618],"location":"Tati, near Miram Shah in North Waziristan","date":"October 9, 2008","killedRange":[6,9]},{"latlng":[32.99369,70.092087],"location":"Just outside Miram Shah in North Waziristan","date":"October 11, 2008","killedRange":[4,5]},{"latlng":[32.540447,69.854507],"location":"Taparghai, near Saam in the Ladha region in South Waziristan","date":"October 16, 2008","killedRange":[4,5]},{"latlng":[33.023632,70.074577],"location":"Danda Darpa Khel, outside Miram Shah in North Waziristan","date":"October 23, 2008","killedRange":[4,10]},{"latlng":[32.552601,69.609375],"location":"Shakai region north of Wana in South Waziristan","date":"October 26, 2008","killedRange":[7,20]},{"latlng":[32.9767,70.269241],"location":"Mir Ali in North Waziristan","date":"October 31, 2008","killedRange":[8,15]},{"latlng":[32.29874,69.54071],"location":"Wana in South Waziristan","date":"October 31, 2008","killedRange":[7,12]},{"latlng":[32.5418,69.4455],"location":"Datta Khel in North Waziristan","date":"March 22, 2013","killedRange":[4,4]},{"latlng":[32.5725,69.5306],"location":"Muhammad Khel in North Waziristan","date":"March 10, 2013","killedRange":[2,2]},{"latlng":[32.306866,69.446465],"location":"Wacha Dana in South Waziristan","date":"June 3, 2012","killedRange":[5,10]},{"latlng":[32.97411,70.279541],"location":"Hassokhel in North Waziristan","date":"June 4, 2012","killedRange":[8,15]},{"latlng":[33.004704,70.067268],"location":"Isha in North Waziristan","date":"June 12, 2012","killedRange":[2,4]},{"latlng":[33.005211,70.069847],"location":"Miranshah in North Waziristan","date":"June 14, 2012","killedRange":[3,4]},{"latlng":[32.712776,69.608345],"location":"Shawal in North Waziristan","date":"June 26, 2012","killedRange":[4,6]},{"latlng":[32.713356,69.608688],"location":"Dre Nishtar Village in North Waziristan","date":"July 1, 2012","killedRange":[6,8]},{"latlng":[32.906975,69.758377],"location":"Datta Khel village in North Waziristan","date":"July 6, 2012","killedRange":[9,21]},{"latlng":[32.715954,69.610062],"location":"Shawal in North Waziristan","date":"July 23, 2012","killedRange":[9,14]},{"latlng":[33.005783,70.246178],"location":"Khushhali Turikhel in North Waziristan","date":"July 29, 2012","killedRange":[4,7]},{"latlng":[32.713356,69.608688],"location":"Shwedar in North Waziristan","date":"August 18, 2012","killedRange":[5,12]},{"latlng":[32.280167,69.554443],"location":"Khawashi Khel in South Waziristan","date":"June 2, 2012","killedRange":[2,4]},{"latlng":[32.5418,69.4455],"location":"Datta Khel in North Waziristan","date":"May 28, 2012","killedRange":[5,8]},{"latlng":[32.5715,70.1548],"location":"Hassokhel (Hassu Khel) in North Waziristan","date":"May 28, 2012","killedRange":[3,4]},{"latlng":[33.017876,70.254822],"location":"Mir Ali in North Waziristan","date":"February 16, 2012","killedRange":[7,15]},{"latlng":[32.79882,69.507751],"location":"Makin in South Waziristan","date":"March 9, 2012","killedRange":[8,13]},{"latlng":[31.840233,70.037842],"location":"Nishpa in South Waziristan","date":"March 9, 2012","killedRange":[6,6]},{"latlng":[32.583851,69.483032],"location":"Uthghalai in South Waziristan","date":"March 13, 2012","killedRange":[5,7]},{"latlng":[32.874973,69.614868],"location":"Shawal in North Waziristan","date":"March 13, 2012","killedRange":[6,8]},{"latlng":[33.031693,70.169678],"location":"Miranshah in North Waziristan","date":"March 30, 2012","killedRange":[4,4]},{"latlng":[33.008663,70.197144],"location":"Miranshah in North Waziristan","date":"April 29, 2012","killedRange":[3,6]},{"latlng":[32.884201,69.598389],"location":"Shawal in North Waziristan","date":"May 5, 2012","killedRange":[8,10]},{"latlng":[32.906685,69.754257],"location":"Datta Khel Kalai in North Waziristan","date":"May 23, 2012","killedRange":[4,4]},{"latlng":[32.981022,70.037842],"location":"Miranshah in North Waziristan","date":"May 26, 2012","killedRange":[2,4]},{"latlng":[32.713932,69.612122],"location":"Mana in North Waziristan","date":"August 19, 2012","killedRange":[4,7]},{"latlng":[32.71162,69.609375],"location":"Mana in North Waziristan","date":"August 19, 2012","killedRange":[2,3]},{"latlng":[33.036297,70.268555],"location":"Mir Ali in North Waziristan","date":"May 24, 2012","killedRange":[5,10]},{"latlng":[32.962585,70.243149],"location":"Hisukhel in North Waziristan","date":"December 21, 2012","killedRange":[3,4]},{"latlng":[32.713066,69.616074],"location":"Gurbuz in North Waziristan","date":"December 28, 2012","killedRange":[4,10]},{"latlng":[32.49007,69.320297],"location":"Angoor Adda in South Waziristan","date":"January 2, 2013","killedRange":[9,9]},{"latlng":[32.98822,70.209503],"location":"Between Miran Shah and Mir Ali in North Waziristan","date":"January 3, 2013","killedRange":[4,5]},{"latlng":[32.658455,70.179977],"location":"Babar Ghar in South Waziristan","date":"January 6, 2013","killedRange":[12,17]},{"latlng":[32.971191,70.277908],"location":"Mir Ali in North Waziristan","date":"January 8, 2013","killedRange":[5,5]},{"latlng":[32.953693,70.262802],"location":"Essokhel in North Waziristan","date":"January 8, 2013","killedRange":[3,3]},{"latlng":[32.953331,70.262459],"location":"Heso Khel in North Waziristan","date":"January 10, 2013","killedRange":[4,5]},{"latlng":[33.168594,70.401077],"location":"Spin Wam in North Waziristan","date":"February 6, 2013","killedRange":[3,5]},{"latlng":[32.65065,70.185471],"location":"Babar Ghar in South Waziristan","date":"February 8, 2013","killedRange":[7,9]},{"latlng":[32.954807,70.168304],"location":"Mubarak Shahi in North Waziristan","date":"December 6, 2012","killedRange":[2,3]},{"latlng":[32.241844,69.512215],"location":"Sheen Warsak in South Waziristan","date":"December 1, 2012","killedRange":[3,4]},{"latlng":[32.243587,69.510155],"location":"Sheen Warsak in South Waziristan","date":"November 29, 2012","killedRange":[0,7]},{"latlng":[33.010967,69.831848],"location":"Shanakhora, 12 miles west of Miram Shah in North Waziristan","date":"August 21, 2012","killedRange":[4,9]},{"latlng":[32.71711,69.616043],"location":"Darray Nashtar in North Waziristan","date":"August 24, 2012","killedRange":[5,6]},{"latlng":[32.71711,69.616043],"location":"Darray Nashtar in North Waziristan","date":"August 24, 2012","killedRange":[5,6]},{"latlng":[32.71711,69.616043],"location":"Darray Nashtar in North Waziristan","date":"August 24, 2012","killedRange":[6,6]},{"latlng":[32.715668,69.452019],"location":"Degan in North Waziristan","date":"September 1, 2012","killedRange":[4,6]},{"latlng":[32.905102,69.752785],"location":"Datta Khel in North Waziristan","date":"September 22, 2012","killedRange":[3,4]},{"latlng":[32.905102,69.752785],"location":"Datta Khel in North Waziristan","date":"September 24, 2012","killedRange":[4,5]},{"latlng":[32.948757,70.313774],"location":"Khaider Kel, Mir Ali in North Waziristan","date":"October 1, 2012","killedRange":[2,3]},{"latlng":[32.991604,70.165199],"location":"Hurmuz, east of Miranshah in North Waziristan","date":"October 10, 2012","killedRange":[5,5]},{"latlng":[33.620338,70.750351],"location":"Bulandkhel in Orakzai","date":"October 11, 2012","killedRange":[16,26]},{"latlng":[32.947029,70.146835],"location":"Tappi in North Waziristan","date":"October 24, 2012","killedRange":[1,5]},{"latlng":[32.6272,69.4453],"location":"Bray Nishtar in South Waziristan","date":"June 27, 2011","killedRange":[3,12]},{"latlng":[32.826519,69.587402],"location":"Bray Nishtar, 30 miles from Wacha Dana, near North Waziristan border in South Waziristan","date":"June 6, 2011","killedRange":[3,5]},{"latlng":[32.9052,69.7488],"location":"Gorwick, Datta Khel Town, 45 km west of Miram Shah in North Waziristan","date":"July 11, 2011","killedRange":[7,25]},{"latlng":[32.6238,69.4968],"location":"Malik Shahi village, Dremala/Bermal Tehsil, Shawal, near the border with North Waziristan and Paktika, in South Waziristan","date":"July 12, 2011","killedRange":[5,13]},{"latlng":[32.6138,69.5082],"location":"Bray Nishtar, Shawal area in North Waziristan","date":"July 12, 2011","killedRange":[8,15]},{"latlng":[32.6126,69.5078],"location":"Bray Nishtar, Shawal area in North Waziristan","date":"July 12, 2011","killedRange":[3,8]},{"latlng":[32.9052,69.7488],"location":"Neway Adda Village in North Waziristan","date":"July 12, 2011","killedRange":[1,1]},{"latlng":[32.311508,69.418488],"location":"Azam Warsak, 12 miles west of Wana in South Waziristan","date":"August 1, 2011","killedRange":[3,6]},{"latlng":[33.009815,70.098267],"location":"Miram Shah in North Waziristan","date":"August 2, 2011","killedRange":[4,4]},{"latlng":[33.002907,70.094147],"location":"Miram Shah in North Waziristan","date":"August 10, 2011","killedRange":[18,23]},{"latlng":[32.708733,69.559937],"location":"Mantoi in South Waziristan","date":"June 27, 2011","killedRange":[12,21]},{"latlng":[33.527657,70.263062],"location":"Khardand in Kurram","date":"June 20, 2011","killedRange":[2,7]},{"latlng":[33.527657,70.285034],"location":"Khardand in Kurram","date":"June 20, 2011","killedRange":[5,7]},{"latlng":[32.995419,70.350266],"location":"Mir Ali in North Waziristan","date":"May 16, 2011","killedRange":[3,6]},{"latlng":[33.009525,70.185814],"location":"Tappi area, 10km east of Miram Shah in North Waziristan","date":"May 20, 2011","killedRange":[4,6]},{"latlng":[32.992538,70.221863],"location":"Machikhel, Mir Ali in North Waziristan","date":"May 23, 2011","killedRange":[4,7]},{"latlng":[32.168636,69.576416],"location":"Laman, in Ghwa Khwa and Karikot area, 20km south of Wana in South Waziristan","date":"June 3, 2011","killedRange":[9,9]},{"latlng":[32.334141,69.513931],"location":"Shalam Raghzai, 6 miles NW of Wana in South Waziristan","date":"June 6, 2011","killedRange":[7,9]},{"latlng":[32.346901,69.498138],"location":"Wacha Dana, 7.5 miles NW of Wana in South Waziristan","date":"June 6, 2011","killedRange":[7,8]},{"latlng":[32.932625,69.623108],"location":"Zawal Narai area of Shawal Tehsil in North Waziristan","date":"June 8, 2011","killedRange":[15,23]},{"latlng":[32.9313,69.6248],"location":"Zawal Narai area of Shawal Tehsil in North Waziristan","date":"June 8, 2011","killedRange":[4,4]},{"latlng":[32.306866,69.56543],"location":"Wana in South Waziristan","date":"June 15, 2011","killedRange":[3,5]},{"latlng":[33.010967,70.180664],"location":"Tapi, 10 km east of Miram Shah in North Waziristan","date":"June 15, 2011","killedRange":[5,10]},{"latlng":[33.006359,70.067368],"location":"Miram Shah in North Waziristan","date":"August 16, 2011","killedRange":[4,4]},{"latlng":[32.280746,69.519424],"location":"Shin Warsak in South Waziristan","date":"August 19, 2011","killedRange":[4,4]},{"latlng":[32.963451,70.31044],"location":"Norak, near Mir Ali in North Waziristan","date":"August 22, 2011","killedRange":[4,5]},{"latlng":[32.5917,70.0317],"location":"Darpa Khel Sarai in North Waziristan","date":"November 3, 2011","killedRange":[2,3]},{"latlng":[32.996284,70.074921],"location":"Miranshah in North Waziristan","date":"November 15, 2011","killedRange":[6,7]},{"latlng":[32.3914,70.1126],"location":"Babar Ghar in South Waziristan","date":"November 16, 2011","killedRange":[12,22]},{"latlng":[32.3649,69.3029],"location":"Shawal in North Waziristan","date":"November 17, 2011","killedRange":[4,7]},{"latlng":[32.997147,70.046082],"location":"Miranshah in North Waziristan","date":"January 10, 2012","killedRange":[1,4]},{"latlng":[32.976414,69.719238],"location":"New Aadda (outside Miranshah) in North Waziristan","date":"January 13, 2012","killedRange":[4,8]},{"latlng":[32.981022,69.785156],"location":"Degan in North Waziristan","date":"January 23, 2012","killedRange":[4,5]},{"latlng":[33.052414,70.19165],"location":"Spalga in North Waziristan","date":"February 8, 2012","killedRange":[9,10]},{"latlng":[33.001755,70.073547],"location":"Miranshah in North Waziristan","date":"February 9, 2012","killedRange":[3,5]},{"latlng":[33.043205,70.188904],"location":"Spalga in North Waziristan","date":"February 16, 2012","killedRange":[5,6]},{"latlng":[33.006935,70.239716],"location":"Mir Ali in North Waziristan","date":"July 5, 2011","killedRange":[3,4]},{"latlng":[32.987213,70.084877],"location":"Mubarak Shan near Miranshah in North Waziristan","date":"October 31, 2011","killedRange":[2,4]},{"latlng":[32.963783,70.240593],"location":"Datta Khel in North Waziristan","date":"October 30, 2011","killedRange":[3,6]},{"latlng":[32.972382,70.289841],"location":"Hisokhel, near Mir Ali in North Waziristan","date":"September 11, 2011","killedRange":[2,4]},{"latlng":[33.021332,70.305634],"location":"Khushali area, near Mir Ali in North Waziristan","date":"September 23, 2011","killedRange":[3,6]},{"latlng":[32.327759,69.43634],"location":"Azam Warsak, 12 miles west of Wana in South Waziristan","date":"September 27, 2011","killedRange":[0,4]},{"latlng":[32.509762,69.314117],"location":"Near Angor Adda and Afghan border in South Waziristan","date":"September 30, 2011","killedRange":[3,4]},{"latlng":[32.998009,70.033211],"location":"Close to Dande Darpa Khel in North Waziristan","date":"October 13, 2011","killedRange":[3,6]},{"latlng":[32.4825,69.2709],"location":"Angoor Adda, Bhangar area in South Waziristan","date":"October 13, 2011","killedRange":[4,4]},{"latlng":[32.989372,70.058098],"location":"Close to Miram Shah in North Waziristan","date":"October 14, 2011","killedRange":[3,4]},{"latlng":[32.460228,69.260246],"location":"Angoor Adda, Bhangar area in South Waziristan","date":"October 15, 2011","killedRange":[3,6]},{"latlng":[33.1344,70.4512],"location":"Bobar in North Waziristan","date":"October 26, 2011","killedRange":[13,22]},{"latlng":[32.327763,69.436302],"location":"Azam Warsak, 12 miles west of Wana in South Waziristan","date":"October 27, 2011","killedRange":[4,6]},{"latlng":[32.5808,70.1637],"location":"Mir Ali in North Waziristan","date":"October 27, 2011","killedRange":[4,5]},{"latlng":[33.0291,70.2468],"location":"Machikhel, Mir Ali in North Waziristan","date":"December 27, 2010","killedRange":[4,6]},{"latlng":[32.957977,70.379791],"location":"Shera Tala area, near Mir Ali in North Waziristan","date":"December 27, 2010","killedRange":[18,21]},{"latlng":[33.795128,70.768433],"location":"Sippah village, near Spin Drand in the Tirah Valley in Khyber","date":"December 17, 2010","killedRange":[4,34]},{"latlng":[33.790562,70.823364],"location":"Nakai village in Khyber","date":"December 17, 2010","killedRange":[8,15]},{"latlng":[33.016724,69.906006],"location":"Nawab village, in Ghulam Khan area in North Waziristan","date":"December 28, 2010","killedRange":[10,10]},{"latlng":[33.037449,69.906006],"location":"Ghulam Khan, 15km NW of Miram Shah in North Waziristan","date":"December 31, 2010","killedRange":[4,8]},{"latlng":[33.029388,69.916992],"location":"Ghulam Khan, 20 km north of Miram Shah in North Waziristan","date":"December 28, 2010","killedRange":[5,8]},{"latlng":[33.02824,70.239716],"location":"Mandi Khel, near Mir Ali in North Waziristan","date":"January 1, 2011","killedRange":[7,9]},{"latlng":[33.02824,70.236969],"location":"Ghoresti, near Mir Ali in North Waziristan","date":"January 1, 2011","killedRange":[4,5]},{"latlng":[32.957977,69.918365],"location":"Boya village in Datta Khel in North Waziristan","date":"January 1, 2011","killedRange":[4,4]},{"latlng":[32.997147,69.749451],"location":"Ghar Laley, 22 miles west of Miram Shah in North Waziristan","date":"January 7, 2011","killedRange":[4,5]},{"latlng":[33.756313,70.7547],"location":"Sangana in Khyber","date":"December 17, 2010","killedRange":[4,7]},{"latlng":[33.804256,70.736847],"location":"Spin Drand area of the Tirah Valley in Khyber","date":"December 16, 2010","killedRange":[7,7]},{"latlng":[33.033997,70.19989],"location":"Spalga, nine miles south of Miram Shah in North Waziristan","date":"December 14, 2010","killedRange":[4,4]},{"latlng":[33.027664,69.741898],"location":"Gulli Khel village, Ghulam Khan, 8 miles from Miram Shah in North Waziristan","date":"November 11, 2010","killedRange":[6,7]},{"latlng":[33.006935,69.820518],"location":"Ahmad Khel, 15 miles west of Miram Shah in North Waziristan","date":"November 13, 2010","killedRange":[4,5]},{"latlng":[33.106499,70.053635],"location":"Ghulam Khan, 20 km north of Miram Shah in North Waziristan","date":"November 16, 2010","killedRange":[16,20]},{"latlng":[32.985626,70.342026],"location":"Naurak, near Marsi Khel village, nine miles east of Miram Shah in North Waziristan","date":"November 19, 2010","killedRange":[3,4]},{"latlng":[32.962585,70.276794],"location":"Khaddi, 10 miles east of Miram Shah in North Waziristan","date":"November 21, 2010","killedRange":[4,9]},{"latlng":[32.97094,70.349403],"location":"Khushali, 15 miles east of Miram Shah in North Waziristan","date":"November 22, 2010","killedRange":[4,6]},{"latlng":[32.993114,70.196457],"location":"Pir Keley, six miles east of Miram Shah in North Waziristan","date":"November 26, 2010","killedRange":[4,4]},{"latlng":[32.984474,70.377045],"location":"Hasan Khel, 30 km east of Miram Shah in North Waziristan","date":"November 28, 2010","killedRange":[3,4]},{"latlng":[32.983322,70.405884],"location":"Khysore village, 20 miles east of Miram Shah in North Waziristan","date":"December 6, 2010","killedRange":[3,8]},{"latlng":[32.972958,70.400391],"location":"Khadar Khel, near Mir Ali in North Waziristan","date":"December 10, 2010","killedRange":[4,4]},{"latlng":[33.05817,70.080414],"location":"Ghulam Khan, north of Miram Shah in North Waziristan","date":"November 7, 2010","killedRange":[8,9]},{"latlng":[32.996571,70.351639],"location":"Mir Ali in North Waziristan","date":"May 16, 2011","killedRange":[4,6]},{"latlng":[33.050114,70.201263],"location":"Spalga village, 15km NE of Miram Shah in North Waziristan","date":"March 13, 2011","killedRange":[3,6]},{"latlng":[32.999451,70.3125],"location":"Malik Jashdar, 6 miles east of Miram Shah in North Waziristan","date":"March 14, 2011","killedRange":[3,6]},{"latlng":[33.001755,69.781036],"location":"Datta Khel, 15 miles west of Miram Shah in North Waziristan","date":"March 16, 2011","killedRange":[4,6]},{"latlng":[32.98793,69.763184],"location":"Datta Khel, 15 miles west of Miram Shah in North Waziristan","date":"March 17, 2011","killedRange":[45,45]},{"latlng":[32.512077,69.296265],"location":"Angoor Adda, Bhangar area in South Waziristan","date":"April 13, 2011","killedRange":[4,6]},{"latlng":[33.091541,70.274734],"location":"Spinwam village, Mir Ali in North Waziristan","date":"April 22, 2011","killedRange":[23,29]},{"latlng":[33.012695,69.761124],"location":"Datta Khel in North Waziristan","date":"May 6, 2011","killedRange":[8,16]},{"latlng":[32.506866,69.300385],"location":"Baghar area, near Angoor Adda in South Waziristan","date":"May 10, 2011","killedRange":[3,5]},{"latlng":[32.986778,69.697266],"location":"Datta Khel in North Waziristan","date":"May 12, 2011","killedRange":[3,8]},{"latlng":[33.007511,69.6698],"location":"Doga Madakhel, 40km west of Miram Shah, in Datta Khel in North Waziristan","date":"May 13, 2011","killedRange":[3,5]},{"latlng":[33.056,70.20221],"location":"Azam Warsak, 12 miles west of Wana in North Waziristan","date":"March 13, 2011","killedRange":[0,4]},{"latlng":[32.308025,69.43222],"location":"Azam Warsak, 12 miles west of Wana in South Waziristan","date":"March 13, 2011","killedRange":[0,0]},{"latlng":[33.1347,70.1649],"location":"Ghorski in North Waziristan","date":"March 11, 2011","killedRange":[4,10]},{"latlng":[33.009815,70.366058],"location":"Haiderkhel, 15 miles east of Miram Shah in North Waziristan","date":"January 12, 2011","killedRange":[3,4]},{"latlng":[33.004059,69.603882],"location":"Asar village, 25 miles west of Miram Shah, Datta Khel in North Waziristan","date":"January 18, 2011","killedRange":[4,5]},{"latlng":[32.994843,69.627228],"location":"Doga Mada Khel, near Datta Khel in North Waziristan","date":"January 23, 2011","killedRange":[3,4]},{"latlng":[32.99369,69.624481],"location":"Doga Mada Khel, near Datta Khel in North Waziristan","date":"January 23, 2011","killedRange":[2,3]},{"latlng":[32.691399,69.846954],"location":"Mando Khel, 60km south of Miram Shah near Razmak in North Waziristan","date":"January 23, 2011","killedRange":[6,6]},{"latlng":[32.313831,69.422607],"location":"Kaza Panga village, 10 miles west of Wana in South Waziristan","date":"February 20, 2011","killedRange":[4,7]},{"latlng":[33.040901,70.19989],"location":"Spalga village, 12 miles south of Miram Shah in North Waziristan","date":"February 21, 2011","killedRange":[5,8]},{"latlng":[32.976414,69.643707],"location":"Mohammed Khel, in Danday Darpa Khel in North Waziristan","date":"February 24, 2011","killedRange":[4,5]},{"latlng":[32.968,69.69],"location":"Ismailkhel in North Waziristan","date":"March 8, 2011","killedRange":[4,5]},{"latlng":[32.314991,69.447327],"location":"Landidog, 12 miles west of Wama in South Waziristan","date":"March 8, 2011","killedRange":[5,5]},{"latlng":[33.094994,70.276794],"location":"Spinwam village, Khaisor, 30 miles north of Miram Shah in North Waziristan","date":"March 11, 2011","killedRange":[5,6]},{"latlng":[32.966042,70.274734],"location":"Mir Ali in North Waziristan","date":"October 6, 2010","killedRange":[3,5]},{"latlng":[33.012695,70.10788],"location":"Miram Shah in North Waziristan","date":"October 6, 2010","killedRange":[3,6]},{"latlng":[32.975838,70.261688],"location":"Khaisoori town, Mir Ali in North Waziristan","date":"October 7, 2010","killedRange":[2,4]},{"latlng":[32.984188,69.696922],"location":"Charkhel, in Datta Khel in North Waziristan","date":"October 8, 2010","killedRange":[4,9]},{"latlng":[32.981022,70.256882],"location":"Mir Ali in North Waziristan","date":"October 4, 2010","killedRange":[5,12]},{"latlng":[32.98793,69.640961],"location":"Asar village, Datta Khel in North Waziristan","date":"October 2, 2010","killedRange":[6,10]},{"latlng":[32.990234,69.631348],"location":"Inzarkas village, Datta Khel in North Waziristan","date":"October 2, 2010","killedRange":[8,9]},{"latlng":[32.472694,69.274979],"location":"Zeba village, west of Wana in South Waziristan","date":"September 28, 2010","killedRange":[4,4]},{"latlng":[32.98505,70.014153],"location":"Khush Hali, southeast of Miram Shah in North Waziristan","date":"September 27, 2010","killedRange":[2,4]},{"latlng":[32.987354,69.66774],"location":"Sherani area of Datta Khel in North Waziristan","date":"September 26, 2010","killedRange":[3,4]},{"latlng":[32.99081,70.304604],"location":"Spin Wam refugee camp, outside Mir Ali in North Waziristan","date":"October 10, 2010","killedRange":[7,8]},{"latlng":[32.992538,69.654007],"location":"Inzarkas village, Datta Khel in North Waziristan","date":"October 13, 2010","killedRange":[3,11]},{"latlng":[32.970654,70.293961],"location":"Aziz Khel in North Waziristan","date":"October 15, 2010","killedRange":[6,6]},{"latlng":[32.98217,69.627914],"location":"Moizer town, Datta Khel in North Waziristan","date":"November 7, 2010","killedRange":[4,6]},{"latlng":[33.021332,70.013123],"location":"Qutub Khel, near Miram Shah in North Waziristan","date":"November 3, 2010","killedRange":[4,5]},{"latlng":[32.962009,70.333786],"location":"Khaso Khel village, near Mir Ali in North Waziristan","date":"November 3, 2010","killedRange":[3,4]},{"latlng":[32.97987,69.643707],"location":"Pai Khel village, in Datta Khel in North Waziristan","date":"November 3, 2010","killedRange":[4,4]},{"latlng":[32.97382,70.312157],"location":"Hyder Khel, near Mir Ali in North Waziristan","date":"November 1, 2010","killedRange":[5,6]},{"latlng":[32.994843,69.726791],"location":"Ismail Khel, in Datta Khel in North Waziristan","date":"October 28, 2010","killedRange":[4,11]},{"latlng":[32.986778,70.315247],"location":"Spin Wam, near Mir Ali in North Waziristan","date":"October 27, 2010","killedRange":[2,5]},{"latlng":[32.997147,69.697952],"location":"Deegan area of Datta Khel in North Waziristan","date":"October 27, 2010","killedRange":[3,4]},{"latlng":[32.976414,69.733658],"location":"Sanzali area of Datta Khel in North Waziristan","date":"October 18, 2010","killedRange":[5,7]},{"latlng":[32.97987,70.232849],"location":"Machi Khel, near Mir Ali in North Waziristan","date":"October 15, 2010","killedRange":[3,5]},{"latlng":[32.978718,69.6698],"location":"Lawara Mandi area of Datta Khel in North Waziristan","date":"September 26, 2010","killedRange":[3,4]},{"latlng":[32.66597,70.161438],"location":"Shaktoi village in the Pasalkot region in South Waziristan","date":"July 25, 2010","killedRange":[4,14]},{"latlng":[33.027664,70.017242],"location":"Danday Darpa Khel in North Waziristan","date":"September 8, 2010","killedRange":[4,10]},{"latlng":[32.977566,69.711685],"location":"Khar Qamar, a village in Datta Khel in North Waziristan","date":"September 6, 2010","killedRange":[3,6]},{"latlng":[33.0047,70.0675],"location":"near Miramshah in North Waziristan","date":"September 4, 2010","killedRange":[5,6]},{"latlng":[32.983898,69.751511],"location":"Datta Khel in North Waziristan","date":"September 4, 2010","killedRange":[4,8]},{"latlng":[33.018452,70.098953],"location":"Machis Factory area on outskirts of Miram Shah in North Waziristan","date":"September 3, 2010","killedRange":[5,25]},{"latlng":[32.994267,69.777603],"location":"Datta Khel, 12 miles west of Miram Shah in North Waziristan","date":"September 3, 2010","killedRange":[2,7]},{"latlng":[33.680923,70.41687],"location":"Shahidano village, 62 miles southwest of Peshawar in Kurram","date":"August 27, 2010","killedRange":[3,4]},{"latlng":[33.0155,70.056],"location":"Derga Mandy in North Waziristan","date":"August 23, 2010","killedRange":[5,5]},{"latlng":[33.028816,70.046082],"location":"Danday Darpa Khel in North Waziristan","date":"August 23, 2010","killedRange":[7,20]},{"latlng":[32.983898,70.059128],"location":"Kutabkhel village, 3 km south of Miram Shah in North Waziristan","date":"August 21, 2010","killedRange":[4,6]},{"latlng":[32.990234,70.31868],"location":"Issori, 13 miles east of Miram Shah in North Waziristan","date":"August 14, 2010","killedRange":[7,13]},{"latlng":[32.996571,69.526291],"location":"Ambor Shaga on Dattakhel Road, near the border in North Waziristan","date":"September 8, 2010","killedRange":[4,4]},{"latlng":[32.995419,70.015182],"location":"Dargha Mandi at Ghulam Khan Road area in North Waziristan","date":"September 8, 2010","killedRange":[4,6]},{"latlng":[32.979294,69.664307],"location":"Tarmanu Road, 31 miles west of Miram Shah in North Waziristan","date":"September 26, 2010","killedRange":[5,5]},{"latlng":[32.987354,69.66774],"location":"Datta Khel, 12 miles west of Miram Shah in North Waziristan","date":"September 25, 2010","killedRange":[3,4]},{"latlng":[32.46806,69.300385],"location":"Khund, South Waziristan border with Afghanistan in South Waziristan","date":"September 21, 2010","killedRange":[6,7]},{"latlng":[32.344002,69.66568],"location":"Azam Warsak, 6 miles NW of Wana in South Waziristan","date":"September 21, 2010","killedRange":[5,7]},{"latlng":[33.070827,69.701385],"location":"Darazinda village, 25 miles northeast of Miram Shah in North Waziristan","date":"September 20, 2010","killedRange":[8,9]},{"latlng":[32.974972,69.686279],"location":"Deghan, Datta Khel, in North Waziristan","date":"September 19, 2010","killedRange":[4,5]},{"latlng":[33.02018,70.029602],"location":"Dargah Mandi, outskirts of Miram Shah in North Waziristan","date":"September 15, 2010","killedRange":[11,14]},{"latlng":[33.008087,70.061874],"location":"Outskirts of Miram Shah in North Waziristan","date":"September 9, 2010","killedRange":[4,6]},{"latlng":[32.986202,69.685593],"location":"Datta Khel in North Waziristan","date":"September 12, 2010","killedRange":[4,6]},{"latlng":[32.98505,70.076981],"location":"Qutabkhel village, a southern suburb of Miranshah in North Waziristan","date":"September 14, 2010","killedRange":[3,4]},{"latlng":[33.021908,69.656754],"location":"Bushnarai village, Shawal in North Waziristan","date":"September 14, 2010","killedRange":[7,12]},{"latlng":[33.008663,69.76181],"location":"Payekhel village of Dattakhel district in North Waziristan","date":"September 15, 2010","killedRange":[4,7]},{"latlng":[32.976414,69.728165],"location":"Deegan, 18 miles west of Miram Shah in North Waziristan","date":"February 2, 2010","killedRange":[4,8]},{"latlng":[32.963161,70.241776],"location":"Mir Ali in North Waziristan","date":"February 14, 2010","killedRange":[8,9]},{"latlng":[32.987354,70.280914],"location":"Tapi Village, 9 miles east of Miram Shah in North Waziristan","date":"February 15, 2010","killedRange":[3,4]},{"latlng":[32.997723,70.18959],"location":"Tabi Tolkhel, 3 miles from Khost border OR Tapi, 9 miles east of Miram Shah in North Waziristan","date":"February 17, 2010","killedRange":[2,4]},{"latlng":[33.015572,70.052605],"location":"Dandey Darpa Khel, near Miram Shah in North Waziristan","date":"February 18, 2010","killedRange":[3,4]},{"latlng":[33.042629,70.061188],"location":"Dargi Mandi, 2.5 miles north of Miram Shah in North Waziristan","date":"February 24, 2010","killedRange":[3,9]},{"latlng":[33.005783,70.090027],"location":"Maley Khan Sirai area of Miram Shah in North Waziristan","date":"March 8, 2010","killedRange":[3,5]},{"latlng":[32.997147,69.616241],"location":"Mizar Madakhel, 25-31 miles west of Miram Shah in North Waziristan","date":"March 10, 2010","killedRange":[12,21]},{"latlng":[32.991386,69.742584],"location":"Datta Khel, 12 miles west of Miram Shah in North Waziristan","date":"March 16, 2010","killedRange":[8,11]},{"latlng":[32.995995,69.625854],"location":"Mada Khel, 25 miles west of Miram Shah in North Waziristan","date":"March 17, 2010","killedRange":[3,6]},{"latlng":[33.013271,69.938965],"location":"Hamzoni, 6 miles west of Miram Shah in North Waziristan","date":"March 17, 2010","killedRange":[3,5]},{"latlng":[32.5725,69.5306],"location":"Muhammad Khel in North Waziristan","date":"February 2, 2010","killedRange":[2,7]},{"latlng":[33.0023,69.8696],"location":"Pai Khel in North Waziristan","date":"February 2, 2010","killedRange":[2,7]},{"latlng":[32.997723,70.342026],"location":"Mosakki village, 25 km east of Miram Shah, in Mir Ali Tehsil in North Waziristan","date":"January 3, 2010","killedRange":[2,5]},{"latlng":[32.983898,69.75769],"location":"Sanzali area of Datta Khel in North Waziristan","date":"January 6, 2010","killedRange":[5,25]},{"latlng":[33.003483,70.015182],"location":"Tapi Village, near Miram Shah in North Waziristan","date":"January 8, 2010","killedRange":[3,8]},{"latlng":[32.991962,69.730911],"location":"Ismael Khel in Datta Khel region in North Waziristan","date":"January 9, 2010","killedRange":[4,5]},{"latlng":[32.669147,70.156975],"location":"Shaktoi village in the Pasalkot region in North Waziristan","date":"January 14, 2010","killedRange":[10,18]},{"latlng":[32.940117,70.296021],"location":"Zanini Village, near Mir Ali in North Waziristan","date":"January 15, 2010","killedRange":[3,5]},{"latlng":[32.667992,70.144958],"location":"Bichi village, Mirkhwanai area, near Shaktoi in North Waziristan","date":"January 15, 2010","killedRange":[4,6]},{"latlng":[32.659031,70.150452],"location":"Nizba Village, Shaktoi region in South Waziristan","date":"January 17, 2010","killedRange":[12,20]},{"latlng":[32.972958,69.700012],"location":"Deegan, 18 miles west of Miram Shah in North Waziristan","date":"January 19, 2010","killedRange":[3,6]},{"latlng":[33.001755,69.713058],"location":"Muhammad Khel, Datta Khel in North Waziristan","date":"January 29, 2010","killedRange":[5,15]},{"latlng":[32.9989,69.9534],"location":"Toor Narai village, Datta Khel, 30km west of Miram Shah in North Waziristan","date":"February 2, 2010","killedRange":[2,7]},{"latlng":[32.995995,69.682159],"location":"Lowari Mandi area of Datta Khel in North Waziristan","date":"March 21, 2010","killedRange":[5,8]},{"latlng":[32.985626,70.054321],"location":"Machis, outskirts of Miram Shah in North Waziristan","date":"March 23, 2010","killedRange":[4,6]},{"latlng":[32.292938,69.304504],"location":"Mizai Nari, 38 km west of Wana in South Waziristan","date":"May 28, 2010","killedRange":[8,12]},{"latlng":[32.97987,70.287094],"location":"Khaddi village, nine miles east of Miram Shah in North Waziristan","date":"June 10, 2010","killedRange":[2,3]},{"latlng":[32.997147,69.656754],"location":"Datta Khel, 12 miles west of Miram Shah in North Waziristan","date":"June 11, 2010","killedRange":[8,9]},{"latlng":[32.981022,70.293274],"location":"Sokhel village, 16 miles east of Miram Shah in North Waziristan","date":"June 19, 2010","killedRange":[11,16]},{"latlng":[32.974686,70.278168],"location":"Khushali Khel, Mir Ali, in North Waziristan","date":"June 26, 2010","killedRange":[2,3]},{"latlng":[33.021908,70.072174],"location":"Tabbi Tolkhel, 4 km north of Miram Shah in North Waziristan","date":"June 27, 2010","killedRange":[2,6]},{"latlng":[32.234295,69.530411],"location":"Lamal village, near Karikot, 6 miles SW of Wana in South Waziristan","date":"June 29, 2010","killedRange":[6,10]},{"latlng":[32.995419,69.77211],"location":"Sheerani, Mada Khel in North Waziristan","date":"July 15, 2010","killedRange":[7,14]},{"latlng":[32.45068,69.277039],"location":"Dwasarak village, 25 miles west of Wana, near Angoor Adda in South Waziristan","date":"July 24, 2010","killedRange":[16,18]},{"latlng":[32.49297,70.037155],"location":"Landikhel area of Sararogha in South Waziristan","date":"July 25, 2010","killedRange":[4,4]},{"latlng":[33.027664,70.069427],"location":"Tabbi Tolkhel, 4 km north of Miram Shah in North Waziristan","date":"July 25, 2010","killedRange":[4,7]},{"latlng":[32.989082,69.716492],"location":"Asadabad village of Muhammad Khel area of Datta Khel in North Waziristan","date":"May 21, 2010","killedRange":[6,12]},{"latlng":[33.881817,70.85907],"location":"Ragha area, Tirah Valley in Khyber","date":"May 15, 2010","killedRange":[5,15]},{"latlng":[32.96777,70.253448],"location":"Hurmaz, near Mir Ali in North Waziristan","date":"March 28, 2010","killedRange":[4,4]},{"latlng":[32.997147,70.302887],"location":"Tapi Village, 13 miles east of Miram Shah in North Waziristan","date":"March 31, 2010","killedRange":[4,6]},{"latlng":[33.024784,69.823608],"location":"Boya village, 12 miles west of Miram Shah in North Waziristan","date":"April 12, 2010","killedRange":[5,13]},{"latlng":[33.004059,69.752197],"location":"Ambur Shaga Village, 15 miles west of Miram Shah in North Waziristan","date":"April 14, 2010","killedRange":[3,5]},{"latlng":[32.998299,70.119553],"location":"Toorkhel, suburbs of Miram Shah in North Waziristan","date":"April 16, 2010","killedRange":[4,6]},{"latlng":[32.972958,70.350952],"location":"Khushali Toorkhel, 15 miles east of Miram Shah in North Waziristan","date":"April 26, 2010","killedRange":[4,6]},{"latlng":[32.978718,70.327606],"location":"Machi Khel, 12 miles east of Miram Shah in North Waziristan","date":"April 24, 2010","killedRange":[7,8]},{"latlng":[32.990234,70.315933],"location":"Marsi Khel, near Mir Ali in North Waziristan","date":"May 3, 2010","killedRange":[2,6]},{"latlng":[32.997147,69.672546],"location":"Inzarkas village, Datta Khel in North Waziristan","date":"May 9, 2010","killedRange":[6,10]},{"latlng":[32.994267,69.558563],"location":"Gorwek, near Afghan border in North Waziristan","date":"May 11, 2010","killedRange":[7,10]},{"latlng":[32.995995,69.704819],"location":"Doga area, Datta Khel in North Waziristan","date":"May 11, 2010","killedRange":[14,14]},{"latlng":[32.609882,69.833221],"location":"Neej Narai, outside Makeen in South Waziristan","date":"June 23, 2009","killedRange":[2,6]},{"latlng":[32.334141,69.568176],"location":"Raghzai area, near Wana in South Waziristan","date":"June 18, 2009","killedRange":[1,9]},{"latlng":[32.288876,69.608688],"location":"Shah Alam, Birmal, near Wana in South Waziristan","date":"June 18, 2009","killedRange":[1,11]},{"latlng":[33.005211,70.272675],"location":"Khesoor, 18 miles east of Miram Shah in North Waziristan","date":"May 16, 2009","killedRange":[10,40]},{"latlng":[32.622604,69.852448],"location":"Makeen in South Waziristan","date":"June 23, 2009","killedRange":[40,80]},{"latlng":[32.592525,69.599075],"location":"Mantoi area in South Waziristan","date":"July 3, 2009","killedRange":[0,10]},{"latlng":[32.285973,69.988403],"location":"Zamarai Nairai, near Kokat Khel, 28 miles east of Wana in South Waziristan","date":"July 3, 2009","killedRange":[6,35]},{"latlng":[32.623184,69.841461],"location":"Jangara, Makeen in South Waziristan","date":"July 7, 2009","killedRange":[12,16]},{"latlng":[32.52771,69.855881],"location":"Laddha, Karwan Manza in South Waziristan","date":"July 8, 2009","killedRange":[6,10]},{"latlng":[32.52771,69.863434],"location":"Karwan Manza in South Waziristan","date":"July 8, 2009","killedRange":[17,40]},{"latlng":[32.320793,69.623795],"location":"Painda Khel in South Waziristan","date":"July 10, 2009","killedRange":[3,5]},{"latlng":[32.298161,69.349136],"location":"Sara Khwara, 25 km west of Wana in South Waziristan","date":"May 12, 2009","killedRange":[8,10]},{"latlng":[32.479645,70.018616],"location":"Tabbi Langar Khel, near Sarorogha in South Waziristan","date":"May 9, 2009","killedRange":[5,40]},{"latlng":[32.520184,69.783783],"location":"Kaniguram, near Wana in South Waziristan","date":"April 29, 2009","killedRange":[6,6]},{"latlng":[33.683212,70.290527],"location":"Sur Pul, near Parachinar in Kurram","date":"February 16, 2009","killedRange":[15,31]},{"latlng":[32.49065,70.004883],"location":"Sararogha, near Wana in South Waziristan","date":"March 1, 2009","killedRange":[7,12]},{"latlng":[33.808819,70.279541],"location":"Barjo in Kurram","date":"March 12, 2009","killedRange":[11,24]},{"latlng":[32.797665,70.496521],"location":"Jani Khel, Bannu in Khyber Pakhtunkhwa","date":"March 15, 2009","killedRange":[2,5]},{"latlng":[32.616241,69.848328],"location":"Makeen in South Waziristan","date":"March 25, 2009","killedRange":[7,7]},{"latlng":[32.966618,70.32074],"location":"Sokhel, Mir Ali in North Waziristan","date":"March 26, 2009","killedRange":[4,5]},{"latlng":[33.672928,70.911255],"location":"Khadezai in Orakzai","date":"April 1, 2009","killedRange":[12,14]},{"latlng":[32.984474,69.715805],"location":"Datta Khel, near Miram Shah in North Waziristan","date":"April 4, 2009","killedRange":[11,15]},{"latlng":[32.321957,69.586716],"location":"Wana in South Waziristan","date":"April 8, 2009","killedRange":[3,4]},{"latlng":[32.281906,69.553757],"location":"Gangi Khel, outskirts of Wana in South Waziristan","date":"April 19, 2009","killedRange":[0,8]},{"latlng":[32.989082,70.328293],"location":"Norak, 12 miles east of Miram Shah in North Waziristan","date":"September 30, 2009","killedRange":[5,9]},{"latlng":[32.704109,70.063934],"location":"Gariwan, 19 miles south of Miram Shah in North Waziristan","date":"July 17, 2009","killedRange":[4,5]},{"latlng":[34.818878,71.500397],"location":"Damadola Bajaur in Khyber Pakhtunkhwa","date":"October 24, 2009","killedRange":[15,24]},{"latlng":[33.0116,70.0557],"location":"Norak, near Mir Ali in North Waziristan","date":"November 5, 2009","killedRange":[4,4]},{"latlng":[33.010967,69.831848],"location":"Shanakhora, 12 miles west of Miram Shah in North Waziristan","date":"November 18, 2009","killedRange":[4,4]},{"latlng":[33.002331,70.290527],"location":"Palooseen Village in Mir Ali in North Waziristan","date":"November 20, 2009","killedRange":[8,8]},{"latlng":[32.869205,70.133972],"location":"Aspalga Village, 7 miles southeast of Miram Shah in North Waziristan","date":"December 8, 2009","killedRange":[2,3]},{"latlng":[32.989082,69.693146],"location":"Godaivalla, in Datta Khel in North Waziristan","date":"December 17, 2009","killedRange":[2,12]},{"latlng":[32.821903,69.979477],"location":"Deegan village in North Waziristan","date":"December 17, 2009","killedRange":[4,14]},{"latlng":[32.98505,69.739151],"location":"Babrak Ziarat, near Wazgai village of Datta Khel Tehsil in North Waziristan","date":"December 18, 2009","killedRange":[3,8]},{"latlng":[33.07716,70.069427],"location":"Babar Raghzai area of the Saidgi village, 4 miles north of Miram Shah in North Waziristan","date":"December 26, 2009","killedRange":[3,14]},{"latlng":[33.009815,69.808502],"location":"Machi Khel, 20 km west of Miram Shah in North Waziristan","date":"December 31, 2009","killedRange":[2,6]},{"latlng":[32.994267,70.207443],"location":"Ghundikala village, 15 km east of Miram Shah, in Mir Ali Tehsil in North Waziristan","date":"January 1, 2010","killedRange":[2,3]},{"latlng":[32.8935,69.6955],"location":"Spalaga2 in North Waziristan","date":"October 21, 2009","killedRange":[4,4]},{"latlng":[32.989658,70.030975],"location":"Dandey Darpa Khel in North Waziristan","date":"October 15, 2009","killedRange":[4,4]},{"latlng":[32.524815,69.883347],"location":"Mardar Algad, Ladha in South Waziristan","date":"June 14, 2009","killedRange":[3,5]},{"latlng":[32.582691,69.849014],"location":"Zangra village of Ladha in South Waziristan","date":"August 5, 2009","killedRange":[4,4]},{"latlng":[32.524239,69.794769],"location":"Kani Guram, four miles from Ladha in South Waziristan","date":"August 11, 2009","killedRange":[10,14]},{"latlng":[33.003483,70.031662],"location":"Darpa Khel, outside Miram Shah in North Waziristan","date":"August 21, 2009","killedRange":[12,21]},{"latlng":[32.509182,69.798889],"location":"Tapar Ghai areain the Kanigram district in South Waziristan","date":"August 27, 2009","killedRange":[4,8]},{"latlng":[32.995419,70.31662],"location":"Machi Khel, near Mir Ali in North Waziristan","date":"September 7, 2009","killedRange":[4,7]},{"latlng":[33.046082,70.019989],"location":"Dargamandi village, 3 miles northwest of Miram Shah in North Waziristan","date":"September 8, 2009","killedRange":[9,10]},{"latlng":[32.959129,70.287094],"location":"Toori Khel, near Mir Ali in North Waziristan","date":"September 14, 2009","killedRange":[3,8]},{"latlng":[32.97123,70.245895],"location":"Near Mir Ali in North Waziristan","date":"September 24, 2009","killedRange":[3,12]},{"latlng":[32.493546,70.023422],"location":"Sararogha in South Waziristan","date":"September 29, 2009","killedRange":[5,6]},{"latlng":[32.997723,70.041962],"location":"Danda Darpakhel in North Waziristan","date":"September 29, 2009","killedRange":[5,7]},{"latlng":[32.9538,70.262459],"location":"Zharki (Zera), near Mir Ali in North Waziristan","date":"January 23, 2009","killedRange":[9,10]},{"latlng":[32.270878,69.589462],"location":"Dilfaraz or Ghangi Khel, near Wana in South Waziristan","date":"January 23, 2009","killedRange":[7,10]},{"latlng":[32.520184,69.868927],"location":"Near Narsikhel, Ladha in South Waziristan","date":"February 14, 2009","killedRange":[16,30]},{"latlng":[32.538058268756,69.977416958017],"location":"Sararogha in South Waziristan","date":"April 17, 2013","killedRange":[5,5]},{"latlng":[32.90429877191,69.748721088603],"location":"Manzar Khel, Datta Khel in North Waziristan","date":"April 14, 2013","killedRange":[4,4]}]