{
    "lines": [
        {
            "date": "1913-12-01",
            "from": "Plaza de Mayo",
            "from_id": 64,
            "line": "A",
            "to": "Plaza Miserere",
            "to_id": 66
        },
        {
            "date": "1914-04-01",
            "from": "Plaza Miserere",
            "from_id": 66,
            "line": "A",
            "to": "Río de Janeiro",
            "to_id": 72
        },
        {
            "date": "1914-07-01",
            "from": "Río de Janeiro",
            "from_id": 72,
            "line": "A",
            "to": "Primera Junta",
            "to_id": 67
        },
        {
            "date": "1930-10-17",
            "from": "Federico Lacroze",
            "from_id": 29,
            "line": "B",
            "to": "Callao",
            "to_id": 12
        },
        {
            "date": "1931-07-22",
            "from": "Callao",
            "from_id": 12,
            "line": "B",
            "to": "Carlos Pellegrini",
            "to_id": 15
        },
        {
            "date": "1931-12-01",
            "from": "Carlos Pellegrini",
            "from_id": 15,
            "line": "B",
            "to": "Leandro N. Alem",
            "to_id": 44
        },
        {
            "date": "1934-11-09",
            "from": "Constitución",
            "from_id": 22,
            "line": "C",
            "to": "Diagonal Norte",
            "to_id": 23
        },
        {
            "date": "1936-02-06",
            "from": "Diagonal Norte",
            "from_id": 23,
            "line": "C",
            "to": "Retiro",
            "to_id": 71
        },
        {
            "date": "1937-06-03",
            "from": "Catedral",
            "from_id": 18,
            "line": "D",
            "to": "Tribunales",
            "to_id": 77
        },
        {
            "date": "1940-02-23",
            "from": "Tribunales",
            "from_id": 77,
            "line": "D",
            "to": "Palermo",
            "to_id": 56
        },
        {
            "date": "1944-06-20",
            "from": "San José",
            "from_id": 74,
            "line": "E",
            "to": "General Urquiza",
            "to_id": 32
        },
        {
            "date": "1944-12-16",
            "from": "General Urquiza",
            "from_id": 32,
            "line": "E",
            "to": "Boedo",
            "to_id": 8
        },
        {
            "date": "1966-04-24",
            "from": "Boedo",
            "from_id": 8,
            "line": "E",
            "to": "Av. La Plata"
        },
        {
            "date": "1966-04-24",
            "from": "San José",
            "from_id": 74,
            "line": "E",
            "to": "Bolívar",
            "to_id": 9
        },
        {
            "date": "1973-06-23",
            "from": "Av. La Plata",
            "line": "E",
            "to": "José María Moreno"
        },
        {
            "date": "1985-10-07",
            "from": "José María Moreno",
            "line": "E",
            "to": "Emilio Mitre",
            "to_id": 26
        },
        {
            "date": "1985-10-31",
            "from": "Emilio Mitre",
            "from_id": 26,
            "line": "E",
            "to": "Medalla Milagrosa",
            "to_id": 49
        },
        {
            "date": "1985-11-27",
            "from": "Medalla Milagrosa",
            "from_id": 49,
            "line": "E",
            "to": "Varela",
            "to_id": 80
        },
        {
            "date": "1986-05-08",
            "from": "Varela",
            "from_id": 80,
            "line": "E",
            "to": "Plaza de los Virreyes",
            "to_id": 63
        },
        {
            "date": "1987-12-29",
            "from": "Palermo",
            "from_id": 56,
            "line": "D",
            "to": "Ministro Carranza",
            "to_id": 51
        },
        {
            "date": "1997-05-31",
            "from": "Ministro Carranza",
            "from_id": 51,
            "line": "D",
            "to": "José Hernández"
        },
        {
            "date": "1999-06-21",
            "from": "José Hernández",
            "line": "D",
            "to": "Juramento",
            "to_id": 42
        },
        {
            "date": "2000-04-27",
            "from": "Juramento",
            "from_id": 42,
            "line": "D",
            "to": "Congreso de Tucumán",
            "to_id": 20
        },
        {
            "date": "2003-08-09",
            "from": "Federico Lacroze",
            "from_id": 29,
            "line": "B",
            "to": "Los Incas/Parque Chas",
            "to_id": 47
        },
        {
            "date": "2007-10-18",
            "from": "Once",
            "from_id": 55,
            "line": "H",
            "to": "Caseros",
            "to_id": 16
        },
        {
            "date": "2008-12-23",
            "from": "Primera Junta",
            "from_id": 67,
            "line": "A",
            "to": "Carabobo",
            "to_id": 13
        },
        {
            "date": "2010-12-06",
            "from": "Once",
            "from_id": 55,
            "line": "H",
            "to": "Corrientes",
            "to_id": 21
        },
        {
            "date": "2011-10-04",
            "from": "Caseros",
            "from_id": 16,
            "line": "H",
            "to": "Parque Patricios",
            "to_id": 57
        },
        {
            "date": "2013-05-27",
            "from": "Parque Patricios",
            "from_id": 57,
            "line": "H",
            "to": "Hospitales",
            "to_id": 33
        },
        {
            "date": "2013-07-26",
            "from": "Los Incas/Parque Chas",
            "from_id": 47,
            "line": "B",
            "to": "Juan Manuel de Rosas",
            "to_id": 40
        }
    ],
    "stations": {
        "1": {
            "latlng": [
                -34.61825,
                -58.43630555555555
            ],
            "name": "Acoyte"
        },
        "10": {
            "latlng": [
                -34.58827777777778,
                -58.411249999999995
            ],
            "name": "Bulnes"
        },
        "11": {
            "latlng": [
                -34.60444444444445,
                -58.39225
            ],
            "name": "Callao"
        },
        "12": {
            "latlng": [
                -34.59963888888889,
                -58.39311111111111
            ],
            "name": "Callao"
        },
        "13": {
            "latlng": [
                -34.626416666666664,
                -58.45608333333334
            ],
            "name": "Carabobo"
        },
        "14": {
            "latlng": [
                -34.604083333333335,
                -58.41169444444444
            ],
            "name": "Carlos Gardel"
        },
        "15": {
            "latlng": [
                -34.60363888888889,
                -58.380722222222225
            ],
            "name": "Carlos Pellegrini"
        },
        "16": {
            "latlng": [
                -34.63583333333333,
                -58.398916666666665
            ],
            "name": "Caseros"
        },
        "17": {
            "latlng": [
                -34.611805555555556,
                -58.421749999999996
            ],
            "name": "Castro Barros"
        },
        "18": {
            "latlng": [
                -34.60775,
                -58.37397222222222
            ],
            "name": "Catedral"
        },
        "19": {
            "latlng": [
                -34.60927777777778,
                -58.392805555555555
            ],
            "name": "Congreso"
        },
        "2": {
            "latlng": [
                -34.59166666666667,
                -58.40713888888889
            ],
            "name": "Agüero"
        },
        "20": {
            "latlng": [
                -34.555611111111105,
                -58.46241666666667
            ],
            "name": "Congreso de Tucumán"
        },
        "21": {
            "latlng": [
                -34.60388888888889,
                -58.405277777777776
            ],
            "name": "Corrientes"
        },
        "22": {
            "latlng": [
                -34.6275,
                -58.38055555555555
            ],
            "name": "Constitución"
        },
        "23": {
            "latlng": [
                -34.60472222222222,
                -58.379666666666665
            ],
            "name": "Diagonal Norte"
        },
        "24": {
            "latlng": [
                -34.591722222222224,
                -58.44758333333333
            ],
            "name": "Dorrego"
        },
        "25": {
            "latlng": [
                -34.578471,
                -58.480141
            ],
            "name": "Echeverría"
        },
        "26": {
            "latlng": [
                -34.631,
                -58.442138888888884
            ],
            "name": "Emilio Mitre"
        },
        "27": {
            "latlng": [
                -34.62272222222222,
                -58.39147222222222
            ],
            "name": "Entre Ríos/Rodolfo Walsh"
        },
        "28": {
            "latlng": [
                -34.59977777777778,
                -58.397666666666666
            ],
            "name": "Facultad de Medicina"
        },
        "29": {
            "latlng": [
                -34.58711111111111,
                -58.45536111111112
            ],
            "name": "Federico Lacroze"
        },
        "3": {
            "latlng": [
                -34.609861111111115,
                -58.40136111111111
            ],
            "name": "Alberti"
        },
        "30": {
            "latlng": [
                -34.60333333333333,
                -58.37511111111111
            ],
            "name": "Florida"
        },
        "31": {
            "latlng": [
                -34.595083333333335,
                -58.37788888888889
            ],
            "name": "General San Martín"
        },
        "32": {
            "latlng": [
                -34.62466666666667,
                -58.409444444444446
            ],
            "name": "General Urquiza"
        },
        "33": {
            "latlng": [
                -34.64138888888889,
                -58.4125
            ],
            "name": "Hospitales"
        },
        "34": {
            "latlng": [
                -34.62305555555555,
                -58.40233333333333
            ],
            "name": "Humberto I"
        },
        "35": {
            "latlng": [
                -34.62936111111111,
                -58.40097222222222
            ],
            "name": "Inclán"
        },
        "36": {
            "latlng": [
                -34.61811111111111,
                -58.380250000000004
            ],
            "name": "Independencia"
        },
        "37": {
            "latlng": [
                -34.61794444444445,
                -58.3815
            ],
            "name": "Independencia"
        },
        "38": {
            "latlng": [
                -34.56622222222222,
                -58.45216666666667
            ],
            "name": "Jose Hernández"
        },
        "39": {
            "latlng": [
                -34.628,
                -58.43377777777778
            ],
            "name": "Jose María Moreno"
        },
        "4": {
            "latlng": [
                -34.60216666666667,
                -58.43125
            ],
            "name": "Ángel Gallardo"
        },
        "40": {
            "latlng": [
                -34.574324,
                -58.486327
            ],
            "name": "Juan Manuel de Rosas"
        },
        "41": {
            "latlng": [
                -34.62383333333334,
                -58.40288888888889
            ],
            "name": "Jujuy"
        },
        "42": {
            "latlng": [
                -34.56222222222222,
                -58.45652777777778
            ],
            "name": "Juramento"
        },
        "43": {
            "latlng": [
                -34.60180555555556,
                -58.37813888888889
            ],
            "name": "Lavalle"
        },
        "44": {
            "latlng": [
                -34.60277777777778,
                -58.37
            ],
            "name": "Leandro N. Alem"
        },
        "45": {
            "latlng": [
                -34.60911111111111,
                -58.382083333333334
            ],
            "name": "Lima"
        },
        "46": {
            "latlng": [
                -34.61080555555556,
                -58.41511111111111
            ],
            "name": "Loria"
        },
        "47": {
            "latlng": [
                -34.581250000000004,
                -58.47430555555556
            ],
            "name": "Los Incas/Parque Chas"
        },
        "48": {
            "latlng": [
                -34.599694444444445,
                -58.43897222222222
            ],
            "name": "Malabia/Osvaldo Pugliese"
        },
        "49": {
            "latlng": [
                -34.63625,
                -58.45033333333333
            ],
            "name": "Medalla Milagrosa"
        },
        "5": {
            "latlng": [
                -34.609,
                -58.380611111111115
            ],
            "name": "Avenida de Mayo"
        },
        "50": {
            "latlng": [
                -34.60319444444445,
                -58.420944444444444
            ],
            "name": "Medrano"
        },
        "51": {
            "latlng": [
                -34.575388888888895,
                -58.434888888888885
            ],
            "name": "Ministro Carranza"
        },
        "52": {
            "latlng": [
                -34.612611111111114,
                -58.380583333333334
            ],
            "name": "Moreno"
        },
        "53": {
            "latlng": [
                -34.60433333333334,
                -58.3805
            ],
            "name": "9 de Julio"
        },
        "54": {
            "latlng": [
                -34.570083333333336,
                -58.44463888888889
            ],
            "name": "Olleros"
        },
        "55": {
            "latlng": [
                -34.60916666666667,
                -58.40611111111111
            ],
            "name": "Once"
        },
        "56": {
            "latlng": [
                -34.578500000000005,
                -58.425666666666665
            ],
            "name": "Palermo"
        },
        "57": {
            "latlng": [
                -34.63861111111111,
                -58.405833333333334
            ],
            "name": "Parque Patricios"
        },
        "58": {
            "latlng": [
                -34.60966666666667,
                -58.39844444444444
            ],
            "name": "Pasco"
        },
        "59": {
            "latlng": [
                -34.60463888888889,
                -58.39947222222222
            ],
            "name": "Pasteur"
        },
        "6": {
            "latlng": [
                -34.62697222222222,
                -58.42641666666666
            ],
            "name": "Avenida La Plata"
        },
        "60": {
            "latlng": [
                -34.60861111111111,
                -58.374833333333335
            ],
            "name": "Perú"
        },
        "61": {
            "latlng": [
                -34.62313888888889,
                -58.39713888888889
            ],
            "name": "Pichincha"
        },
        "62": {
            "latlng": [
                -34.60888888888889,
                -58.379083333333334
            ],
            "name": "Piedras"
        },
        "63": {
            "latlng": [
                -34.643027777777775,
                -58.46161111111111
            ],
            "name": "Plaza de los Virreyes"
        },
        "64": {
            "latlng": [
                -34.60886111111111,
                -58.37083333333334
            ],
            "name": "Plaza de Mayo"
        },
        "65": {
            "latlng": [
                -34.581500000000005,
                -58.42108333333333
            ],
            "name": "Plaza Italia"
        },
        "66": {
            "latlng": [
                -34.60991666666667,
                -58.40727777777778
            ],
            "name": "Plaza Miserere"
        },
        "67": {
            "latlng": [
                -34.62072222222222,
                -58.44144444444444
            ],
            "name": "Primera Junta"
        },
        "68": {
            "latlng": [
                -34.623555555555555,
                -58.448611111111106
            ],
            "name": "Puán"
        },
        "69": {
            "latlng": [
                -34.60458333333334,
                -58.40530555555556
            ],
            "name": "Pueyrredón"
        },
        "7": {
            "latlng": [
                -34.612861111111116,
                -58.37752777777778
            ],
            "name": "Belgrano"
        },
        "70": {
            "latlng": [
                -34.59441666666667,
                -58.40252777777778
            ],
            "name": "Pueyrredón"
        },
        "71": {
            "latlng": [
                -34.59125,
                -58.374027777777776
            ],
            "name": "Retiro"
        },
        "72": {
            "latlng": [
                -34.61522222222222,
                -58.42944444444444
            ],
            "name": "Río de Janeiro"
        },
        "73": {
            "latlng": [
                -34.60944444444445,
                -58.386805555555554
            ],
            "name": "Sáenz Peña"
        },
        "74": {
            "latlng": [
                -34.62233333333334,
                -58.38513888888889
            ],
            "name": "San José"
        },
        "75": {
            "latlng": [
                -34.621916666666664,
                -58.38
            ],
            "name": "San Juan"
        },
        "76": {
            "latlng": [
                -34.585166666666666,
                -58.41597222222222
            ],
            "name": "Scalabrini Ortiz"
        },
        "77": {
            "latlng": [
                -34.60208333333333,
                -58.384055555555555
            ],
            "name": "Tribunales"
        },
        "78": {
            "latlng": [
                -34.584138888888894,
                -58.46625
            ],
            "name": "Tronador/Villa Ortúzar"
        },
        "79": {
            "latlng": [
                -34.604055555555554,
                -58.38725
            ],
            "name": "Uruguay"
        },
        "8": {
            "latlng": [
                -34.62533333333334,
                -58.41544444444445
            ],
            "name": "Boedo"
        },
        "80": {
            "latlng": [
                -34.64,
                -58.45802777777778
            ],
            "name": "Varela"
        },
        "81": {
            "latlng": [
                -34.61525,
                -58.40472222222222
            ],
            "name": "Venezuela"
        },
        "9": {
            "latlng": [
                -34.60908333333334,
                -58.37363888888889
            ],
            "name": "Bolívar"
        }
    },
    "colors": {
        "A": "#01bfe0",
        "B": "#ff0000",
        "C": "#0000bb",
        "D": "#008000",
        "E": "#a800a8",
        "H": "#ffcc00"
    }
}